{"v":"5.6.5","fr":20,"ip":0,"op":30,"w":320,"h":320,"nm":"宝箱晃动开启","ddd":0,"assets":[{"id":"image_0","w":280,"h":282,"u":"images/","p":"img_0.png","e":0},{"id":"image_1","w":280,"h":280,"u":"images/","p":"img_1.png","e":0}],"layers":[{"ddd":0,"ind":1,"ty":2,"nm":"宝箱切图-开箱.png","cl":"png","refId":"image_0","sr":1,"ks":{"o":{"a":0,"k":100,"ix":11},"r":{"a":0,"k":0,"ix":10},"p":{"a":0,"k":[160,160,0],"ix":2},"a":{"a":0,"k":[140,141,0],"ix":1},"s":{"a":0,"k":[100,100,100],"ix":6}},"ao":0,"ip":24,"op":30,"st":4,"bm":0},{"ddd":0,"ind":2,"ty":2,"nm":"宝箱切图.png","cl":"png","refId":"image_1","sr":1,"ks":{"o":{"a":0,"k":100,"ix":11},"r":{"a":1,"k":[{"i":{"x":[0.61],"y":[1]},"o":{"x":[0.29],"y":[0.17]},"t":0,"s":[0],"e":[3]},{"i":{"x":[0.61],"y":[1]},"o":{"x":[0.29],"y":[0.17]},"t":2,"s":[3],"e":[-3]},{"i":{"x":[0.61],"y":[1]},"o":{"x":[0.29],"y":[0.17]},"t":4,"s":[-3],"e":[5]},{"i":{"x":[0.61],"y":[1]},"o":{"x":[0.29],"y":[0.17]},"t":6,"s":[5],"e":[-3]},{"i":{"x":[0.61],"y":[1]},"o":{"x":[0.29],"y":[0.17]},"t":8,"s":[-3],"e":[2]},{"i":{"x":[0.61],"y":[1]},"o":{"x":[0.29],"y":[0.17]},"t":12,"s":[2],"e":[-1]},{"i":{"x":[0.61],"y":[1]},"o":{"x":[0.29],"y":[0.17]},"t":16,"s":[-1],"e":[0]},{"t":20}],"ix":10},"p":{"a":0,"k":[160,160,0],"ix":2},"a":{"a":0,"k":[140,140,0],"ix":1},"s":{"a":0,"k":[100,100,100],"ix":6}},"ao":0,"ip":0,"op":24,"st":0,"bm":0}],"markers":[]}